,agent,mean,std,r2_score_mean,r2_score_median
0,0,0.11927865286924291,0.06281398389041672,-1.5782488694645804,-0.40260861670015197
1,1,0.15378437056411395,0.09414825733442653,-0.1819424533844693,0.3277778838928131
2,2,0.23722922406030145,0.13103254944054296,-0.11463813396682145,0.02786045591280221
3,3,0.21202784075732356,0.11510389815651793,-0.39957688089194754,-0.12792540492622645
4,4,0.7119115957894708,0.5109799994243996,-3.7436146949591285,-1.2833432071239737
